Project,Branch,WarningType,Severity
Activiti_Activiti,7-201712-EA,2,High
Activiti_Activiti,7-201712-EA,3,High
Activiti_Activiti,7-201801-EA,2,High
Activiti_Activiti,7-201801-EA,3,High
Activiti_Activiti,7-201802-EA,2,Medium
Activiti_Activiti,ACT-4316-boundary-event,2,Medium
Activiti_Activiti,ACT-4316-boundary-event,3,Medium
Activiti_Activiti,ACT-4316-boundary-event,4,High
Activiti_Activiti,balsarori-1792-add-missing-businessCalendarName,2,High
Activiti_Activiti,balsarori-1792-add-missing-businessCalendarName,3,Medium
Activiti_Activiti,balsarori-dev-service-task-parser-1759,3,Medium
Activiti_Activiti,balsarori-dev-service-task-parser-1759,4,High
Activiti_Activiti,bugfix/mteodori-1767-log4j-vulnerability,2,High
Activiti_Activiti,bugfix/mteodori-1767-log4j-vulnerability,3,Medium
Activiti_Activiti,daisuke-rest-deployment-category-5,2,High
Activiti_Activiti,daisuke-rest-deployment-category-5,3,High
Activiti_Activiti,daisuke-rest-deployment-category-6,2,High
Activiti_Activiti,daisuke-rest-deployment-category-6,3,High
Activiti_Activiti,daisuke-signal-var,4,High
Activiti_Activiti,dev-lucian-update-copyright-2018,2,High
Activiti_Activiti,dev-lucian-update-copyright-2018,3,High
Activiti_Activiti,elias-1655-flow-node-id-on-integr-req,2,High
Activiti_Activiti,elias-1655-flow-node-id-on-integr-req,3,High
Activiti_Activiti,elias-1655-flow-node-id-on-integr-req,4,High
Activiti_Activiti,feature/lucian-1720-add-validation-endpoint-process-model,2,Medium
Activiti_Activiti,feature/lucian-1720-add-validation-endpoint-process-model,3,Medium
Activiti_Activiti,feature/lucian-1720-add-validation-endpoint-process-model,4,High
Activiti_Activiti,feature/mteodori-1615-snyk-badge,2,High
Activiti_Activiti,feature/mteodori-1615-snyk-badge,3,High
Activiti_Activiti,feature/mteodori-1640-editorconfig,2,High
Activiti_Activiti,feature/mteodori-1640-editorconfig,3,High
Activiti_Activiti,feature/mteodori-1667-remove-frontend-dependencies-6.x,2,High
Activiti_Activiti,feature/mteodori-1667-remove-frontend-dependencies-6.x,3,High
Activiti_Activiti,feature/mteodori-1667-remove-frontend-dependencies-6.x,4,High
Activiti_Activiti,feature/mteodori-1675-pom-files-cleanup,2,Medium
Activiti_Activiti,feature/mteodori-1675-pom-files-cleanup,3,Medium
Activiti_Activiti,feature/mteodori-1675-update-spring-boot-rc1,2,Medium
Activiti_Activiti,feature/mteodori-1675-update-spring-boot-rc1,3,Medium
Activiti_Activiti,feature/mteodori-1675-update-spring-boot-rc1,4,High
Activiti_Activiti,feature/mteodori-1749-spring-and-jackson-vulnerabilities,2,High
Activiti_Activiti,feature/mteodori-1749-spring-and-jackson-vulnerabilities,3,Medium
Activiti_Activiti,feature/mteodori-1762-move-dependency-check-to-maven-profile,2,High
Activiti_Activiti,feature/mteodori-1762-move-dependency-check-to-maven-profile,3,Medium
Activiti_Activiti,feature/mteodori-1762-move-dependency-check-to-maven-profile-5.x,2,High
Activiti_Activiti,feature/mteodori-1762-move-dependency-check-to-maven-profile-5.x,3,Medium
Activiti_Activiti,feature/mteodori-1762-move-dependency-check-to-maven-profile-6.x,2,High
Activiti_Activiti,feature/mteodori-1762-move-dependency-check-to-maven-profile-6.x,3,Medium
Activiti_Activiti,feature/mteodori-1767-log4j-vulnerability,2,High
Activiti_Activiti,feature/mteodori-1767-log4j-vulnerability,3,Medium
Activiti_Activiti,feature/mteodori-1790-upgrade-to-spring-cloud-finchley-M7,2,Medium
Activiti_Activiti,feature/mteodori-1790-upgrade-to-spring-cloud-finchley-M7,3,Medium
Activiti_Activiti,feature/mteodori-1817-jgraphx-vulnerability,2,Medium
Activiti_Activiti,feature/mteodori-1817-jgraphx-vulnerability,3,Medium
Activiti_Activiti,feature/mteodori-1838-temporary-jackson-dependency-check-exclusion-5.x,2,Medium
Activiti_Activiti,fix-task-local-var-exec-id,2,High
Activiti_Activiti,fix-task-local-var-exec-id,3,Medium
Activiti_Activiti,fork-fix-task-local-var-exec-id,2,High
Activiti_Activiti,fork-fix-task-local-var-exec-id,3,Medium
Activiti_Activiti,igdianov-fix-signal-tx,2,High
Activiti_Activiti,igdianov-fix-signal-tx,3,High
Activiti_Activiti,release/7-201712-EA,2,High
Activiti_Activiti,release/7-201712-EA,3,High
Activiti_Activiti,release/7-201801-EA,2,High
Activiti_Activiti,release/7-201801-EA,3,High
Activiti_Activiti,removeremainingdbidentity,2,High
Activiti_Activiti,removeremainingdbidentity,3,Medium
Activiti_Activiti,salaboy-api-refactoring,4,High
Activiti_Activiti,service-task-parser-1759,2,High
Activiti_Activiti,service-task-parser-1759,3,Medium
Atmosphere_atmosphere,Issue_2316,2,High
Atmosphere_atmosphere,Issue_2316,3,Medium
Atmosphere_atmosphere,reactive_streams_wip,2,High
Atmosphere_atmosphere,reactive_streams_wip,3,Medium
Atmosphere_atmosphere,reactive_streams_wip,4,Medium
AxonFramework_AxonFramework,aggregate-lifecycle-version,2,High
AxonFramework_AxonFramework,aggregate-lifecycle-version,3,High
AxonFramework_AxonFramework,bug/513,2,High
AxonFramework_AxonFramework,bug/513,3,High
AxonFramework_AxonFramework,bug/589,2,Medium
AxonFramework_AxonFramework,bug/600,2,Medium
AxonFramework_AxonFramework,bugfix/591,2,Medium
AxonFramework_AxonFramework,command-handler-interceptor,2,High
AxonFramework_AxonFramework,command-handler-interceptor,3,Medium
AxonFramework_AxonFramework,deadline-api,4,High
AxonFramework_AxonFramework,event-upcasters-autoconfig,2,High
AxonFramework_AxonFramework,feature-381,2,High
AxonFramework_AxonFramework,feature-381,3,High
AxonFramework_AxonFramework,feature-441-replay-api,2,High
AxonFramework_AxonFramework,feature-441-replay-api,3,High
AxonFramework_AxonFramework,feature/236,2,High
AxonFramework_AxonFramework,feature/236,3,High
AxonFramework_AxonFramework,feature/463,2,High
AxonFramework_AxonFramework,feature/463,3,High
AxonFramework_AxonFramework,feature/463,4,High
AxonFramework_AxonFramework,feature/488,2,High
AxonFramework_AxonFramework,feature/488,3,High
AxonFramework_AxonFramework,feature/488,4,High
AxonFramework_AxonFramework,feature/500,2,High
AxonFramework_AxonFramework,feature/500,3,High
AxonFramework_AxonFramework,feature/505,2,High
AxonFramework_AxonFramework,feature/505,3,High
AxonFramework_AxonFramework,future-as-response-type-for-query-handlers,2,High
AxonFramework_AxonFramework,future-as-response-type-for-query-handlers,3,Medium
AxonFramework_AxonFramework,handler-defs-in-configurer,3,Medium
AxonFramework_AxonFramework,handler-defs-in-configurer,4,High
AxonFramework_AxonFramework,improved-config-on-command-target-resolvers,2,Medium
AxonFramework_AxonFramework,jdbc-auto-config-extended,2,Medium
AxonFramework_AxonFramework,multiple-sagas-single-event-processor,3,Medium
AxonFramework_AxonFramework,multiple-sagas-single-event-processor,4,High
AxonFramework_AxonFramework,reactive-command-gateway,2,Medium
AxonFramework_AxonFramework,reactive-query-gateway,2,Medium
AxonFramework_AxonFramework,spawning-new-aggregate,3,High
AxonFramework_AxonFramework,spawning-new-aggregate,4,High
AxonFramework_AxonFramework,subscription-query,3,High
AxonFramework_AxonFramework,subscription-query,4,High
AxonFramework_AxonFramework,subscription-query-basic-backpressure,2,Medium
AxonFramework_AxonFramework,subscription-query-basic-backpressure,3,High
AxonFramework_AxonFramework,subscription-query-basic-backpressure,4,High
AxonFramework_AxonFramework,subscription-query-emitter-list,2,High
AxonFramework_AxonFramework,subscription-query-emitter-list,3,High
AzureAD_azure-activedirectory-library-for-java,gdpr_readme_updates,2,High
AzureAD_azure-activedirectory-library-for-java,gdpr_readme_updates,3,High
AzureAD_azure-activedirectory-library-for-java,kpanwar/ci-cd-setup,2,High
AzureAD_azure-activedirectory-library-for-java,kpanwar/ci-cd-setup,3,Medium
AzureAD_azure-activedirectory-library-for-java,origin/somkape/codeFlow,2,High
AzureAD_azure-activedirectory-library-for-java,origin/somkape/codeFlow,3,High
AzureAD_azure-activedirectory-library-for-java,origin/somkape/codeFlow,4,High
AzureAD_azure-activedirectory-library-for-java,remotes/origin/origin/somkape/codeFlow,2,High
AzureAD_azure-activedirectory-library-for-java,remotes/origin/origin/somkape/codeFlow,3,Medium
AzureAD_azure-activedirectory-library-for-java,remotes/origin/somkape/codeFlow,2,High
AzureAD_azure-activedirectory-library-for-java,remotes/origin/somkape/codeFlow,3,Medium
AzureAD_azure-activedirectory-library-for-java,sagonzal/release1dot5,2,High
AzureAD_azure-activedirectory-library-for-java,sagonzal/release1dot5,3,Medium
AzureAD_azure-activedirectory-library-for-java,somkape/codeFlow,2,High
AzureAD_azure-activedirectory-library-for-java,somkape/codeFlow,3,High
AzureAD_azure-activedirectory-library-for-java,somkape/codeFlow,4,High
AzureAD_azure-activedirectory-library-for-java,somkape/dependVersionUpd,2,High
AzureAD_azure-activedirectory-library-for-java,somkape/dependVersionUpd,3,High
AzureAD_azure-activedirectory-library-for-java,somkape/integAuth,2,High
AzureAD_azure-activedirectory-library-for-java,somkape/integAuth,3,High
AzureAD_azure-activedirectory-library-for-java,somkape/pii,2,High
AzureAD_azure-activedirectory-library-for-java,somkape/pii,3,High
AzureAD_azure-activedirectory-library-for-java,somkape/piiRefactor,2,High
AzureAD_azure-activedirectory-library-for-java,somkape/piiRefactor,3,High
AzureAD_azure-activedirectory-library-for-java,somkape/piiRefactor,4,High
Baeldung_spring-security-registration,pivovarit-patch-1,2,Medium
Baeldung_spring-security-registration,pivovarit-patch-1,3,Medium
CESNET_perun,production-einfra_GID_hack,2,High
CESNET_perun,production-einfra_GID_hack,3,High
CESNET_perun,production-einfra_GID_hack,4,Medium
CloudSlang_cloud-slang,build_enhancement,2,High
CloudSlang_cloud-slang,build_enhancement,3,High
CloudSlang_cloud-slang,builduitos,2,High
CloudSlang_cloud-slang,builduitos,3,High
CloudSlang_cloud-slang,cleanup,2,High
CloudSlang_cloud-slang,cleanup,3,High
CloudSlang_cloud-slang,dependency_support,3,Medium
CloudSlang_cloud-slang,dependency_support,4,High
CloudSlang_cloud-slang,externalValidationForTransition,2,High
CloudSlang_cloud-slang,externalValidationForTransition,3,High
CloudSlang_cloud-slang,linux_path_fix,2,High
CloudSlang_cloud-slang,linux_path_fix,3,Medium
CloudSlang_cloud-slang,python_expression_too_long,2,High
CloudSlang_cloud-slang,python_expression_too_long,3,High
CloudSlang_cloud-slang,python_expression_too_long,4,Medium
CloudSlang_cs-actions,Couchbase-Get-Auto-Failover-Settings,2,High
CloudSlang_cs-actions,Couchbase-Get-Auto-Failover-Settings,3,High
CloudSlang_cs-actions,Couchbase-Get-Auto-Failover-Settings,4,High
CloudSlang_cs-actions,add_default_values,2,High
CloudSlang_cs-actions,add_default_values,3,High
CloudSlang_cs-actions,alibaba_cloud,4,High
CloudSlang_cs-actions,amazon_fix,2,High
CloudSlang_cs-actions,amazon_fix,3,High
CloudSlang_cs-actions,aws-cloud-formation,4,High
CloudSlang_cs-actions,aws-lambda,3,High
CloudSlang_cs-actions,aws-lambda,4,High
CloudSlang_cs-actions,bugfixALM#34581_localPing,2,High
CloudSlang_cs-actions,bugfixALM#34581_localPing,3,High
CloudSlang_cs-actions,comExecCommons,2,High
CloudSlang_cs-actions,comExecCommons,3,High
CloudSlang_cs-actions,cs-base_http_client_update,4,High
CloudSlang_cs-actions,cs-powershell_defValues,2,High
CloudSlang_cs-actions,cs-powershell_defValues,3,High
CloudSlang_cs-actions,dca_get_credential,2,High
CloudSlang_cs-actions,dca_get_credential,3,High
CloudSlang_cs-actions,dca_get_resource,2,High
CloudSlang_cs-actions,dca_get_resource,3,High
CloudSlang_cs-actions,dca_move,2,High
CloudSlang_cs-actions,dca_move,3,High
CloudSlang_cs-actions,dca_move,4,High
CloudSlang_cs-actions,dca_new_operations,2,High
CloudSlang_cs-actions,dca_new_operations,3,High
CloudSlang_cs-actions,dca_new_operations,4,High
CloudSlang_cs-actions,dca_refactoring,2,High
CloudSlang_cs-actions,dca_refactoring,3,High
CloudSlang_cs-actions,distribution_,2,High
CloudSlang_cs-actions,distribution_,3,High
CloudSlang_cs-actions,doclint,2,High
CloudSlang_cs-actions,doclint,3,High
CloudSlang_cs-actions,dropbox,2,High
CloudSlang_cs-actions,dropbox,3,High
CloudSlang_cs-actions,feature/cs_dca_integration,2,High
CloudSlang_cs-actions,feature/cs_dca_integration,3,High
CloudSlang_cs-actions,fixFolderNameDetection,2,High
CloudSlang_cs-actions,fixFolderNameDetection,3,High
CloudSlang_cs-actions,fix_connection_exception,2,High
CloudSlang_cs-actions,fix_connection_exception,3,High
CloudSlang_cs-actions,fix_create_stack,4,High
CloudSlang_cs-actions,http_client_changes_amd_updates,2,High
CloudSlang_cs-actions,http_client_changes_amd_updates,3,High
CloudSlang_cs-actions,http_client_changes_amd_updates,4,High
CloudSlang_cs-actions,http_client_upgrade,4,High
CloudSlang_cs-actions,javadoc_fix,2,High
CloudSlang_cs-actions,javadoc_fix,3,High
CloudSlang_cs-actions,json_path_test,2,High
CloudSlang_cs-actions,json_path_test,3,High
CloudSlang_cs-actions,localPing,2,High
CloudSlang_cs-actions,localPing,3,High
CloudSlang_cs-actions,localPing,4,High
CloudSlang_cs-actions,readme_cs_dca,2,High
CloudSlang_cs-actions,readme_cs_dca,3,High
CloudSlang_cs-actions,refactor_osDetector,2,High
CloudSlang_cs-actions,refactor_osDetector,3,High
CloudSlang_cs-actions,serviceCatalog,4,High
CloudSlang_cs-actions,small_dca_fix,2,High
CloudSlang_cs-actions,small_dca_fix,3,High
CloudSlang_cs-actions,ssh_library_fix,2,High
CloudSlang_cs-actions,ssh_library_fix,3,High
CloudSlang_cs-actions,update_dependency,2,High
CloudSlang_cs-actions,update_dependency,3,High
CloudSlang_cs-actions,update_http,2,High
CloudSlang_cs-actions,update_http,3,High
CloudSlang_cs-actions,update_ssh,2,High
CloudSlang_cs-actions,update_ssh,3,High
CloudSlang_cs-actions,vertica_database,4,High
DSpace_DSpace,6x,2,High
DSpace_DSpace,6x,3,High
DSpace_DSpace,code-style-fixes,2,High
DSpace_DSpace,code-style-fixes,3,High
DSpace_DSpace,code-style-rules,2,High
DSpace_DSpace,code-style-rules,3,High
DSpace_DSpace,code-style-rules,4,High
Evolveum_midpoint,Import-cleanup,2,High
Evolveum_midpoint,Import-cleanup,3,High
Evolveum_midpoint,audit-compression,2,High
Evolveum_midpoint,audit-compression,3,High
Evolveum_midpoint,cases-ui-merge,2,High
Evolveum_midpoint,cases-ui-merge,3,High
Evolveum_midpoint,checkstyle-initial,2,High
Evolveum_midpoint,checkstyle-initial,3,High
Evolveum_midpoint,clean-imports,2,High
Evolveum_midpoint,clean-imports,3,High
Evolveum_midpoint,defaultness-objecttype,2,High
Evolveum_midpoint,defaultness-objecttype,3,High
Evolveum_midpoint,explicittype-diamonds,2,High
Evolveum_midpoint,explicittype-diamonds,3,High
Evolveum_midpoint,feature/auth-caching,3,High
Evolveum_midpoint,feature/auth-caching,4,High
Evolveum_midpoint,feature/cas-integration,4,High
Evolveum_midpoint,feature/consistency-update,4,High
Evolveum_midpoint,feature/global-cache,2,High
Evolveum_midpoint,feature/global-cache,3,High
Evolveum_midpoint,feature/optimizing-work-allocation,2,Medium
Evolveum_midpoint,feature/optimizing-work-allocation,3,High
Evolveum_midpoint,feature/perf-validity-scanner,2,High
Evolveum_midpoint,feature/perf-validity-scanner,3,High
Evolveum_midpoint,feature/performance,3,High
Evolveum_midpoint,feature/performance,4,High
Evolveum_midpoint,feature/performance-stable,3,High
Evolveum_midpoint,feature/performance-stable,4,High
Evolveum_midpoint,feature/pool-upgrade,2,High
Evolveum_midpoint,feature/pool-upgrade,3,High
Evolveum_midpoint,feature/query-by-item-id,2,High
Evolveum_midpoint,feature/query-by-item-id,3,High
Evolveum_midpoint,feature/raw-shadow,2,High
Evolveum_midpoint,feature/raw-shadow,3,High
Evolveum_midpoint,feature/raw-shadow,4,High
Evolveum_midpoint,feature/reworking-qnames-and-extension-tables,2,High
Evolveum_midpoint,feature/reworking-qnames-and-extension-tables,3,High
Evolveum_midpoint,feature/state-constraint-custom-messages,2,High
Evolveum_midpoint,feature/state-constraint-custom-messages,3,High
Evolveum_midpoint,fix/mid-4396,2,High
Evolveum_midpoint,fix/mid-4396,3,High
Evolveum_midpoint,fix/mid-4409,2,High
Evolveum_midpoint,fix/mid-4409,3,High
Evolveum_midpoint,fix/mid-4465,2,High
Evolveum_midpoint,fix/mid-4465,3,High
Evolveum_midpoint,inetaddr-perf,2,High
Evolveum_midpoint,inetaddr-perf,3,High
Evolveum_midpoint,keystore-perf,2,High
Evolveum_midpoint,keystore-perf,3,High
Evolveum_midpoint,logger-params,2,High
Evolveum_midpoint,logger-params,3,High
Evolveum_midpoint,map-iteration,2,High
Evolveum_midpoint,map-iteration,3,High
Evolveum_midpoint,new-system-configuration-page,4,High
Evolveum_midpoint,polystring-helper,2,High
Evolveum_midpoint,polystring-helper,3,High
Evolveum_midpoint,prometheus-monitoring,2,High
Evolveum_midpoint,prometheus-monitoring,3,High
Evolveum_midpoint,static-inner-class,2,High
Evolveum_midpoint,static-inner-class,3,High
Evolveum_midpoint,temp/message-serialization,2,High
Evolveum_midpoint,temp/message-serialization,3,High
Evolveum_midpoint,unused-imports,2,High
Evolveum_midpoint,unused-imports,3,High
Evolveum_midpoint,url-to-uri,2,High
Evolveum_midpoint,url-to-uri,3,High
Evolveum_midpoint,xmlparser-transformer-perf,2,High
Evolveum_midpoint,xmlparser-transformer-perf,3,High
FeatureIDE_FeatureIDE,ContIntegration_i605,3,High
FeatureIDE_FeatureIDE,ContIntegration_i605,4,High
FeatureIDE_FeatureIDE,CoreJavadoc,2,High
FeatureIDE_FeatureIDE,CoreJavadoc,3,Medium
FeatureIDE_FeatureIDE,Enhancement_MIG,2,High
FeatureIDE_FeatureIDE,Enhancement_MIG,3,High
FeatureIDE_FeatureIDE,Enhancement_MIG,4,High
FeatureIDE_FeatureIDE,Enhancement_MIG_GraphAnalysis,2,High
FeatureIDE_FeatureIDE,Enhancement_MIG_GraphAnalysis,3,High
FeatureIDE_FeatureIDE,Enhancement_MIG_GraphAnalysis,4,High
FeatureIDE_FeatureIDE,Enhancement_Refactoring_FeatureModelContextMenu,2,High
FeatureIDE_FeatureIDE,Enhancement_Refactoring_FeatureModelContextMenu,3,High
FeatureIDE_FeatureIDE,FeatureIDEDoc,2,Medium
FeatureIDE_FeatureIDE,FeatureIDEDoc,3,Medium
FeatureIDE_FeatureIDE,FeatureModel_Attributes,3,High
FeatureIDE_FeatureIDE,FeatureModel_Attributes,4,High
FeatureIDE_FeatureIDE,colormanager,2,High
FeatureIDE_FeatureIDE,colormanager,3,High
FeatureIDE_FeatureIDE,develop_temp,2,High
FeatureIDE_FeatureIDE,develop_temp,3,High
FeatureIDE_FeatureIDE,fix_constraint_dialog_performance,2,High
FeatureIDE_FeatureIDE,fix_constraint_dialog_performance,3,High
FeatureIDE_FeatureIDE,fix_deprecated_examplePlugIn,2,High
FeatureIDE_FeatureIDE,fix_deprecated_examplePlugIn,3,High
FeatureIDE_FeatureIDE,gui-tests-in-maven,2,High
FeatureIDE_FeatureIDE,gui-tests-in-maven,3,High
FeatureIDE_FeatureIDE,gui-tests-in-maven2,2,High
FeatureIDE_FeatureIDE,gui-tests-in-maven2,3,High
FeatureIDE_FeatureIDE,issue-574,2,High
FeatureIDE_FeatureIDE,issue-574,3,High
FeatureIDE_FeatureIDE,issue-693,2,High
FeatureIDE_FeatureIDE,issue-693,3,High
FeatureIDE_FeatureIDE,issue-752,2,Medium
FeatureIDE_FeatureIDE,issue-752,3,Medium
FeatureIDE_FeatureIDE,issue_586,2,Medium
FeatureIDE_FeatureIDE,issue_586,3,Medium
FeatureIDE_FeatureIDE,issue_725,2,High
FeatureIDE_FeatureIDE,issue_725,3,High
FeatureIDE_FeatureIDE,issue_733,2,High
FeatureIDE_FeatureIDE,issue_733,3,High
FeatureIDE_FeatureIDE,travisbuildtest,2,High
FeatureIDE_FeatureIDE,travisbuildtest,3,High
FenixEdu_fenixedu-academic,release,3,Medium
FenixEdu_fenixedu-academic,release,4,Medium
Graylog2_gelfclient,gelf-http,4,Medium
Graylog2_gelfclient,issue-32,2,Medium
Graylog2_gelfclient,issue-32,3,Medium
HubSpot_jinjava,int-float-parsing,2,High
HubSpot_jinjava,int-float-parsing,3,High
HubSpot_jinjava,more-accurate-fieldName-for-TemplateSyntaxException,2,High
HubSpot_jinjava,more-accurate-fieldName-for-TemplateSyntaxException,3,High
HubSpot_jinjava,replace-position-in-error-message-too,2,High
HubSpot_jinjava,replace-position-in-error-message-too,3,High
HubSpot_jinjava,wrap-child-dates,4,High
LiveRamp_hank,add_uptodate_specific_domain,2,High
LiveRamp_hank,add_uptodate_specific_domain,3,High
LiveRamp_hank,allow_shutdown_on_disconnect,2,High
LiveRamp_hank,allow_shutdown_on_disconnect,3,High
LiveRamp_hank,dont_delete_active_versions,2,High
LiveRamp_hank,dont_delete_active_versions,3,High
LiveRamp_hank,try_to_fix_update_edge_case,2,High
LiveRamp_hank,try_to_fix_update_edge_case,3,High
SonarSource_sonar-java,Fail_check_test_if_exception,2,High
SonarSource_sonar-java,Fail_check_test_if_exception,3,High
SonarSource_sonar-java,Fix-Coverage-S3366,2,High
SonarSource_sonar-java,Fix-Coverage-S3366,3,High
SonarSource_sonar-java,Fix_S1312,2,High
SonarSource_sonar-java,Fix_S1312,3,High
SonarSource_sonar-java,MishaDemianenko_fixS2293,2,High
SonarSource_sonar-java,MishaDemianenko_fixS2293,3,High
SonarSource_sonar-java,MishaDemianenko_validation,2,High
SonarSource_sonar-java,MishaDemianenko_validation,3,High
SonarSource_sonar-java,SONARJAVA-1993,2,High
SonarSource_sonar-java,SONARJAVA-1993,3,High
SonarSource_sonar-java,SONARJAVA-1993,4,High
SonarSource_sonar-java,SONARJAVA-2231,2,High
SonarSource_sonar-java,SONARJAVA-2231,3,High
SonarSource_sonar-java,SONARJAVA-2231,4,High
SonarSource_sonar-java,SONARJAVA-2247,2,High
SonarSource_sonar-java,SONARJAVA-2247,3,High
SonarSource_sonar-java,SONARJAVA-2247,4,High
SonarSource_sonar-java,SONARJAVA-2284,2,High
SonarSource_sonar-java,SONARJAVA-2284,3,High
SonarSource_sonar-java,SONARJAVA-2426,2,High
SonarSource_sonar-java,SONARJAVA-2426,3,High
SonarSource_sonar-java,SONARJAVA-2429,2,High
SonarSource_sonar-java,SONARJAVA-2429,3,High
SonarSource_sonar-java,SONARJAVA-2453,2,High
SonarSource_sonar-java,SONARJAVA-2453,3,High
SonarSource_sonar-java,SONARJAVA-2453,4,High
SonarSource_sonar-java,SONARJAVA-2482,2,High
SonarSource_sonar-java,SONARJAVA-2482,3,High
SonarSource_sonar-java,SONARJAVA-2482,4,High
SonarSource_sonar-java,SONARJAVA-2484,2,High
SonarSource_sonar-java,SONARJAVA-2484,3,High
SonarSource_sonar-java,SONARJAVA-2486,2,High
SonarSource_sonar-java,SONARJAVA-2486,3,High
SonarSource_sonar-java,SONARJAVA-2491,4,High
SonarSource_sonar-java,SONARJAVA-2513,2,High
SonarSource_sonar-java,SONARJAVA-2513,3,High
SonarSource_sonar-java,SONARJAVA-2520,2,High
SonarSource_sonar-java,SONARJAVA-2520,3,High
SonarSource_sonar-java,SONARJAVA-2520,4,High
SonarSource_sonar-java,SONARJAVA-2538,2,High
SonarSource_sonar-java,SONARJAVA-2538,3,High
SonarSource_sonar-java,SONARJAVA-2541,2,High
SonarSource_sonar-java,SONARJAVA-2541,3,High
SonarSource_sonar-java,SONARJAVA-2541,4,High
SonarSource_sonar-java,SONARJAVA-2580,2,High
SonarSource_sonar-java,SONARJAVA-2580,3,High
SonarSource_sonar-java,SONARJAVA-2580,4,High
SonarSource_sonar-java,SONARJAVA-2586,2,High
SonarSource_sonar-java,SONARJAVA-2586,3,High
SonarSource_sonar-java,SONARJAVA-2595,2,High
SonarSource_sonar-java,SONARJAVA-2595,3,High
SonarSource_sonar-java,SONARJAVA-2597,2,High
SonarSource_sonar-java,SONARJAVA-2597,3,High
SonarSource_sonar-java,SONARJAVA-2603,2,High
SonarSource_sonar-java,SONARJAVA-2603,3,High
SonarSource_sonar-java,SONARJAVA-2604,2,High
SonarSource_sonar-java,SONARJAVA-2604,3,High
SonarSource_sonar-java,SONARJAVA-2607,2,High
SonarSource_sonar-java,SONARJAVA-2607,3,High
SonarSource_sonar-java,SONARJAVA-2608,2,High
SonarSource_sonar-java,SONARJAVA-2608,3,High
SonarSource_sonar-java,SONARJAVA-2609,2,High
SonarSource_sonar-java,SONARJAVA-2609,3,High
SonarSource_sonar-java,SONARJAVA-2609,4,High
SonarSource_sonar-java,SONARJAVA-2610_44,2,High
SonarSource_sonar-java,SONARJAVA-2610_44,3,High
SonarSource_sonar-java,SONARJAVA-2615,2,High
SonarSource_sonar-java,SONARJAVA-2615,3,High
SonarSource_sonar-java,SONARJAVA-2616,2,High
SonarSource_sonar-java,SONARJAVA-2616,3,High
SonarSource_sonar-java,SONARJAVA-2618,2,High
SonarSource_sonar-java,SONARJAVA-2618,3,High
SonarSource_sonar-java,SONARJAVA-2618,4,High
SonarSource_sonar-java,SONARJAVA-2619,2,High
SonarSource_sonar-java,SONARJAVA-2619,3,High
SonarSource_sonar-java,SONARJAVA-2620,2,High
SonarSource_sonar-java,SONARJAVA-2620,3,High
SonarSource_sonar-java,SONARJAVA-2622,2,High
SonarSource_sonar-java,SONARJAVA-2622,3,High
SonarSource_sonar-java,SONARJAVA-2625,2,Medium
SonarSource_sonar-java,SONARJAVA-2625,3,Medium
SonarSource_sonar-java,SONARJAVA-2626,2,High
SonarSource_sonar-java,SONARJAVA-2626,3,High
SonarSource_sonar-java,SONARJAVA-2628,2,High
SonarSource_sonar-java,SONARJAVA-2628,3,High
SonarSource_sonar-java,SONARJAVA-2629,2,High
SonarSource_sonar-java,SONARJAVA-2629,3,High
SonarSource_sonar-java,SONARJAVA-2631,2,High
SonarSource_sonar-java,SONARJAVA-2631,3,High
SonarSource_sonar-java,SONARJAVA-2633,2,High
SonarSource_sonar-java,SONARJAVA-2633,3,High
SonarSource_sonar-java,SONARJAVA-2634,2,High
SonarSource_sonar-java,SONARJAVA-2634,3,High
SonarSource_sonar-java,SONARJAVA-2634,4,High
SonarSource_sonar-java,SONARJAVA-2634_fix_reporting,2,High
SonarSource_sonar-java,SONARJAVA-2634_fix_reporting,3,High
SonarSource_sonar-java,SONARJAVA-2635,2,High
SonarSource_sonar-java,SONARJAVA-2635,3,High
SonarSource_sonar-java,SONARJAVA-2636,2,High
SonarSource_sonar-java,SONARJAVA-2636,3,High
SonarSource_sonar-java,SONARJAVA-2637,2,High
SonarSource_sonar-java,SONARJAVA-2637,3,High
SonarSource_sonar-java,SONARJAVA-2638,2,High
SonarSource_sonar-java,SONARJAVA-2638,3,High
SonarSource_sonar-java,SONARJAVA-2640,2,High
SonarSource_sonar-java,SONARJAVA-2640,3,High
SonarSource_sonar-java,SONARJAVA-2641,2,High
SonarSource_sonar-java,SONARJAVA-2641,3,High
SonarSource_sonar-java,SONARJAVA-2642,2,High
SonarSource_sonar-java,SONARJAVA-2642,3,High
SonarSource_sonar-java,SONARJAVA-2643,2,High
SonarSource_sonar-java,SONARJAVA-2643,3,High
SonarSource_sonar-java,SONARJAVA-2644,2,High
SonarSource_sonar-java,SONARJAVA-2644,3,High
SonarSource_sonar-java,SONARJAVA-2646,2,High
SonarSource_sonar-java,SONARJAVA-2646,3,High
SonarSource_sonar-java,SONARJAVA-2647,2,High
SonarSource_sonar-java,SONARJAVA-2647,3,High
SonarSource_sonar-java,SONARJAVA-2649,2,High
SonarSource_sonar-java,SONARJAVA-2649,3,High
SonarSource_sonar-java,SONARJAVA-2649,4,High
SonarSource_sonar-java,SONARJAVA-2650,2,High
SonarSource_sonar-java,SONARJAVA-2650,3,High
SonarSource_sonar-java,SONARJAVA-2650,4,High
SonarSource_sonar-java,SONARJAVA-2652,2,High
SonarSource_sonar-java,SONARJAVA-2652,3,High
SonarSource_sonar-java,SONARJAVA-2654,2,High
SonarSource_sonar-java,SONARJAVA-2654,3,High
SonarSource_sonar-java,SONARJAVA-2654,4,High
SonarSource_sonar-java,SONARJAVA-2655,2,High
SonarSource_sonar-java,SONARJAVA-2655,3,High
SonarSource_sonar-java,SONARJAVA-2657,2,High
SonarSource_sonar-java,SONARJAVA-2657,3,High
SonarSource_sonar-java,SONARJAVA-2658,2,High
SonarSource_sonar-java,SONARJAVA-2658,3,High
SonarSource_sonar-java,SONARJAVA-2659,2,High
SonarSource_sonar-java,SONARJAVA-2659,3,High
SonarSource_sonar-java,SONARJAVA-2661,2,High
SonarSource_sonar-java,SONARJAVA-2661,3,High
SonarSource_sonar-java,SONARJAVA-2662,2,High
SonarSource_sonar-java,SONARJAVA-2662,3,High
SonarSource_sonar-java,SONARJAVA-2663,2,High
SonarSource_sonar-java,SONARJAVA-2663,3,High
SonarSource_sonar-java,SONARJAVA-2664,2,High
SonarSource_sonar-java,SONARJAVA-2664,3,High
SonarSource_sonar-java,SONARJAVA-2667,2,High
SonarSource_sonar-java,SONARJAVA-2667,3,High
SonarSource_sonar-java,SONARJAVA-2667,4,High
SonarSource_sonar-java,SONARJAVA-2668,2,High
SonarSource_sonar-java,SONARJAVA-2668,3,High
SonarSource_sonar-java,SONARJAVA-2670,4,High
SonarSource_sonar-java,SONARJAVA-2671,4,High
SonarSource_sonar-java,SONARJAVA-2672,4,High
SonarSource_sonar-java,SONARJAVA-2673,4,High
SonarSource_sonar-java,SONARJAVA-2674,2,High
SonarSource_sonar-java,SONARJAVA-2674,3,High
SonarSource_sonar-java,SONARJAVA-2675,2,Medium
SonarSource_sonar-java,SONARJAVA-2675,3,Medium
SonarSource_sonar-java,SONARJAVA-2676,4,High
SonarSource_sonar-java,SONARJAVA-2677,2,Medium
SonarSource_sonar-java,SONARJAVA-2677,3,Medium
SonarSource_sonar-java,SONARJAVA-2678,2,Medium
SonarSource_sonar-java,SONARJAVA-2678,3,Medium
SonarSource_sonar-java,SONARJAVA-2681,4,High
SonarSource_sonar-java,SONARJAVA-2690,2,High
SonarSource_sonar-java,SONARJAVA-2690,3,High
SonarSource_sonar-java,SONARJAVA-2690,4,High
SonarSource_sonar-java,SONARJAVA-2691,2,High
SonarSource_sonar-java,SONARJAVA-2691,3,High
SonarSource_sonar-java,SONARJAVA-2693,2,High
SonarSource_sonar-java,SONARJAVA-2693,3,High
SonarSource_sonar-java,SONARJAVA-2694,2,High
SonarSource_sonar-java,SONARJAVA-2694,3,High
SonarSource_sonar-java,SONARJAVA-2698,2,High
SonarSource_sonar-java,SONARJAVA-2698,3,High
SonarSource_sonar-java,SONARJAVA-2700,2,High
SonarSource_sonar-java,SONARJAVA-2700,3,High
SonarSource_sonar-java,SONARJAVA-2701,2,High
SonarSource_sonar-java,SONARJAVA-2701,3,High
SonarSource_sonar-java,SONARJAVA-2702,2,High
SonarSource_sonar-java,SONARJAVA-2702,3,High
SonarSource_sonar-java,SONARJAVA-2703,2,High
SonarSource_sonar-java,SONARJAVA-2703,3,High
SonarSource_sonar-java,SONARJAVA-2704,2,High
SonarSource_sonar-java,SONARJAVA-2704,3,High
SonarSource_sonar-java,SONARJAVA-2705,2,High
SonarSource_sonar-java,SONARJAVA-2705,3,High
SonarSource_sonar-java,SONARJAVA-2705,4,High
SonarSource_sonar-java,SONARJAVA-2707,2,High
SonarSource_sonar-java,SONARJAVA-2707,3,High
SonarSource_sonar-java,SONARJAVA-2707,4,High
SonarSource_sonar-java,SONARJAVA-2708,2,High
SonarSource_sonar-java,SONARJAVA-2708,3,High
SonarSource_sonar-java,SONARJAVA-2713,2,High
SonarSource_sonar-java,SONARJAVA-2713,3,High
SonarSource_sonar-java,SONARJAVA-2713,4,High
SonarSource_sonar-java,SONARJAVA-2715,2,High
SonarSource_sonar-java,SONARJAVA-2715,3,High
SonarSource_sonar-java,SONARJAVA-2716,2,High
SonarSource_sonar-java,SONARJAVA-2716,3,High
SonarSource_sonar-java,SONARJAVA-2716,4,High
SonarSource_sonar-java,SONARJAVA-2716_2,2,High
SonarSource_sonar-java,SONARJAVA-2716_2,3,High
SonarSource_sonar-java,SONARJAVA-2717,2,High
SonarSource_sonar-java,SONARJAVA-2717,3,High
SonarSource_sonar-java,SONARJAVA-2733,4,High
SonarSource_sonar-java,SONARJAVA-2734,2,High
SonarSource_sonar-java,SONARJAVA-2734,3,High
SonarSource_sonar-java,SONARJAVA-2735,4,High
SonarSource_sonar-java,SONARJAVA-2736,2,Medium
SonarSource_sonar-java,SONARJAVA-2740,4,High
SonarSource_sonar-java,SONARJAVA-2744,2,Medium
SonarSource_sonar-java,SONARJAVA-2755,4,High
SonarSource_sonar-java,SONARJAVA-2762,4,High
SonarSource_sonar-java,SONARJAVA-2767,4,High
SonarSource_sonar-java,SONARJAVA-2826,4,High
SonarSource_sonar-java,SONARJAVA-2828,4,High
SonarSource_sonar-java,SONARJAVA-2834,4,High
SonarSource_sonar-java,SONARSEC-103,4,High
SonarSource_sonar-java,SONARSEC-121,4,High
SonarSource_sonar-java,SONARSEC-131,4,High
SonarSource_sonar-java,SONARSEC-16,2,High
SonarSource_sonar-java,SONARSEC-16,3,High
SonarSource_sonar-java,SONARSEC-16,4,High
SonarSource_sonar-java,UCFG_generator,4,High
SonarSource_sonar-java,VisitorsBridgeForTestsAddFlows,2,High
SonarSource_sonar-java,VisitorsBridgeForTestsAddFlows,3,High
SonarSource_sonar-java,add-unit-tests,4,High
SonarSource_sonar-java,change_dependency_on_sonarucfg_to_releaes,2,High
SonarSource_sonar-java,change_dependency_on_sonarucfg_to_releaes,3,High
SonarSource_sonar-java,dependency,2,High
SonarSource_sonar-java,dependency,3,High
SonarSource_sonar-java,external-rule-urls,4,High
SonarSource_sonar-java,feature/SonarSecurity_7_3,4,High
SonarSource_sonar-java,feature/sl/use_built-in_pr_decoration,2,High
SonarSource_sonar-java,feature/sl/use_built-in_pr_decoration,3,High
SonarSource_sonar-java,fix_Readme_ruling,2,High
SonarSource_sonar-java,fix_Readme_ruling,3,High
SonarSource_sonar-java,fix_ruling_qa,2,High
SonarSource_sonar-java,fix_ruling_qa,3,High
SonarSource_sonar-java,generate_ucfg,2,High
SonarSource_sonar-java,generate_ucfg,3,High
SonarSource_sonar-java,generate_ucfg,4,High
SonarSource_sonar-java,janos/test/bad-code-on-common-branch,2,High
SonarSource_sonar-java,janos/test/bad-code-on-common-branch,3,High
SonarSource_sonar-java,janos/test/common-branch,2,High
SonarSource_sonar-java,janos/test/common-branch,3,High
SonarSource_sonar-java,juboucher-patch-1,2,High
SonarSource_sonar-java,juboucher-patch-1,3,High
SonarSource_sonar-java,olcbean-S2187_nested,2,High
SonarSource_sonar-java,olcbean-S2187_nested,3,High
SonarSource_sonar-java,olcbean-SJ_2728,2,Medium
SonarSource_sonar-java,olcbean-SJ_2728,3,Medium
SonarSource_sonar-java,quality-gate,2,High
SonarSource_sonar-java,quality-gate,3,High
SonarSource_sonar-java,remove_dependency_IT_checkstyle,2,High
SonarSource_sonar-java,remove_dependency_IT_checkstyle,3,High
SonarSource_sonar-java,single_ruling_travis_job,2,High
SonarSource_sonar-java,single_ruling_travis_job,3,High
SonarSource_sonar-java,update-rule-metadata,4,High
cerberustesting_cerberus-source,Nouxx-issues1642/1654,3,Medium
cerberustesting_cerberus-source,datalib_bulk_rename,3,Medium
cerberustesting_cerberus-source,interactive_tuto,3,Medium
cerberustesting_cerberus-source,interactive_tuto,4,Medium
cerberustesting_cerberus-source,issue1642-1654,3,Medium
daisy_pipeline-mod-braille,super/osgi-less,4,Medium
dbeaver_dbeaver,#1599-mock-data_10,3,Medium
dbeaver_dbeaver,#1599-mock-data_10,4,High
dbeaver_dbeaver,#1599-mock-data_11,3,Medium
dbeaver_dbeaver,#1599-mock-data_12,3,Medium
dbeaver_dbeaver,#1599-mock-data_13,3,Medium
dbeaver_dbeaver,#1599-mock-data_14,3,Medium
dbeaver_dbeaver,#1599-mock-data_15,3,Medium
dbeaver_dbeaver,#1599-mock-data_16,3,Medium
dbeaver_dbeaver,#1599-mock-data_17,3,Medium
dbeaver_dbeaver,#1599-mock-data_18,3,Medium
dbeaver_dbeaver,#1599-mock-data_19,3,Medium
dbeaver_dbeaver,#1599-mock-data_20,3,Medium
dbeaver_dbeaver,#1599-mock-data_21,3,Medium
dbeaver_dbeaver,#1599-mock-data_8,3,Medium
dbeaver_dbeaver,#1599-mock-data_9,3,Medium
dbeaver_dbeaver,#2050-auto-refresh-menu,3,Medium
dbeaver_dbeaver,#2213-ui-fix,2,Medium
dbeaver_dbeaver,#2213-ui-fix,3,High
dbeaver_dbeaver,#2725,2,Medium
dbeaver_dbeaver,#2725,3,High
dbeaver_dbeaver,#3016-mssql-connection,3,Medium
dbeaver_dbeaver,#3028-no-columns,3,Medium
dbeaver_dbeaver,#3065,3,Medium
dbeaver_dbeaver,#3082-NULL-generator,3,Medium
dbeaver_dbeaver,#3149-presets-tree,3,Medium
dbeaver_dbeaver,#3157-postprocessing,3,Medium
dbeaver_dbeaver,#3216-Mock-Data-Constant-generator,3,Medium
dbeaver_dbeaver,#3219-mock-data-menu-item,3,Medium
dbeaver_dbeaver,#3220-smart-generator-setting,3,Medium
dbeaver_dbeaver,1599-mock-data,2,Medium
dbeaver_dbeaver,1599-mock-data,3,High
dbeaver_dbeaver,1599-mock-data,4,High
dbeaver_dbeaver,1599-mock-data_2,2,Medium
dbeaver_dbeaver,1599-mock-data_2,3,High
dbeaver_dbeaver,1599-mock-data_3,2,Medium
dbeaver_dbeaver,1599-mock-data_3,3,High
dbeaver_dbeaver,1599-mock-data_4,2,Medium
dbeaver_dbeaver,1599-mock-data_4,3,High
dbeaver_dbeaver,1599-mock-data_5,2,Medium
dbeaver_dbeaver,1599-mock-data_5,3,High
dbeaver_dbeaver,1599-mock-data_6,2,Medium
dbeaver_dbeaver,1599-mock-data_6,3,High
dbeaver_dbeaver,1599-mock-data_7,2,Medium
dbeaver_dbeaver,1599-mock-data_7,3,Medium
dbeaver_dbeaver,2213-environment-variables-ssh-tunnel,2,Medium
dbeaver_dbeaver,2213-environment-variables-ssh-tunnel,3,High
dbeaver_dbeaver,2254_date_time_editor,2,Medium
dbeaver_dbeaver,2254_date_time_editor,3,High
dbeaver_dbeaver,2254_date_time_editor,4,High
dbeaver_dbeaver,2254_date_time_editor_support,2,Medium
dbeaver_dbeaver,2254_date_time_editor_support,3,High
dbeaver_dbeaver,2254_date_time_editor_support,4,High
dbeaver_dbeaver,2256_Modify_Debug_Tab,3,High
dbeaver_dbeaver,2256_Modify_Debug_Tab,4,High
dbeaver_dbeaver,2556-breakpoint-support,3,Medium
dbeaver_dbeaver,2556-close_debug_session,3,High
dbeaver_dbeaver,2556-close_debug_session,4,High
dbeaver_dbeaver,2556-configure-source-viewer,2,Medium
dbeaver_dbeaver,2556-configure-source-viewer,3,High
dbeaver_dbeaver,2556-debug-events,2,Medium
dbeaver_dbeaver,2556-debug-events,3,High
dbeaver_dbeaver,2556-debug-events,4,High
dbeaver_dbeaver,2556-debug-view,2,Medium
dbeaver_dbeaver,2556-debug-view,3,High
dbeaver_dbeaver,2556-local_debug,2,Medium
dbeaver_dbeaver,2556-local_debug,3,High
dbeaver_dbeaver,2556-postgre-integrate-console,2,Medium
dbeaver_dbeaver,2556-postgre-integrate-console,3,High
dbeaver_dbeaver,2556-postgre-steps,2,Medium
dbeaver_dbeaver,2556-postgre-steps,3,High
dbeaver_dbeaver,2556-postgres-debug,2,Medium
dbeaver_dbeaver,2556-postgres-debug,3,High
dbeaver_dbeaver,2556-postgres-generics,2,Medium
dbeaver_dbeaver,2556-postgres-generics,3,High
dbeaver_dbeaver,2556-postgres-to-procedure,2,Medium
dbeaver_dbeaver,2556-postgres-to-procedure,3,High
dbeaver_dbeaver,2556-show-breakpoints-with-ruler,3,Medium
dbeaver_dbeaver,2556-source-lookup,2,Medium
dbeaver_dbeaver,2556-source-lookup,3,High
dbeaver_dbeaver,2556-support-postgre-session-methods,2,Medium
dbeaver_dbeaver,2556-support-postgre-session-methods,3,High
dbeaver_dbeaver,2556-support-postgre-session-methods,4,High
dbeaver_dbeaver,2800-pg-keywords,2,Medium
dbeaver_dbeaver,2800-pg-keywords,3,High
dbeaver_dbeaver,3118-debug-separate-local-and-global,3,Medium
dbeaver_dbeaver,add-code-of-conduct-1,2,Medium
dbeaver_dbeaver,add-code-of-conduct-1,3,High
dbeaver_dbeaver,debug__refactoring,4,High
dbeaver_dbeaver,pgdbg-local,2,Medium
dbeaver_dbeaver,pgdbg-local,3,High
deegree_deegree3,addContributionInfo-603,2,Medium
deegree_deegree3,addContributionInfo-603,3,Medium
deegree_deegree3,java8Updates-889,2,Medium
deegree_deegree3,java8Updates-889,3,Medium
deegree_deegree3,updateDeveloper-609,2,Medium
deegree_deegree3,updateDeveloper-609,3,Medium
deegree_deegree3,updateDeveloper-609,4,Medium
deegree_deegree3,updateMavenSitePlugins,2,Medium
deegree_deegree3,updateMavenSitePlugins,3,Medium
fcrepo4_fcrepo4,fcrepo-2709-leafnode,3,Medium
fcrepo4_fcrepo4,fcrepo-2757,3,Medium
fcrepo4_fcrepo4,memento-versioning,3,High
fcrepo4_fcrepo4,memento-versioning,4,Medium
geotools_geotools,19-RC1,2,High
geotools_geotools,19-RC1,3,High
geotools_geotools,19-beta,2,High
geotools_geotools,19-beta,3,High
geotools_geotools,bradh-patch-1,4,High
getgauge_gauge-java,appveyor,2,High
getgauge_gauge-java,appveyor,3,High
getgauge_gauge-java,appveyor,4,High
getgauge_gauge-java,screenshot,4,High
getgauge_gauge-java,screenshot_api,2,High
google_closure-compiler,gwt-beta,3,Medium
google_closure-compiler,gwt-beta,4,Medium
google_guava,release19,3,Medium
google_guava,release19,4,High
google_truth,moe_writing_branch_from_ff9246b4c12744349eaf135e599f725eb6bbe3e4,3,High
jtablesaw_tablesaw,cleanup,2,Medium
jtablesaw_tablesaw,cleanup,3,Medium
jtablesaw_tablesaw,correlation,2,Medium
jtablesaw_tablesaw,correlation,3,Medium
jtablesaw_tablesaw,doable,2,Medium
jtablesaw_tablesaw,doable,3,Medium
jtablesaw_tablesaw,group-by-restoration,2,Medium
jtablesaw_tablesaw,group-by-restoration,3,Medium
jtablesaw_tablesaw,jsplot2,4,High
jtablesaw_tablesaw,lwhite1-patch-1,2,Medium
jtablesaw_tablesaw,lwhite1-patch-1,3,Medium
jtablesaw_tablesaw,more-cleanup,2,Medium
jtablesaw_tablesaw,more-cleanup,3,Medium
jtablesaw_tablesaw,no-col-ref,2,Medium
jtablesaw_tablesaw,no-col-ref,3,Medium
jtablesaw_tablesaw,plot-work,2,Medium
jtablesaw_tablesaw,plot-work,3,Medium
jtablesaw_tablesaw,plot-work,4,High
jtablesaw_tablesaw,rm-packed-cols,4,High
jtablesaw_tablesaw,smile-dataset,4,High
jtablesaw_tablesaw,string-tests,2,Medium
jtablesaw_tablesaw,string-tests,3,Medium
jtablesaw_tablesaw,table-enhancements,2,Medium
jtablesaw_tablesaw,table-enhancements,3,Medium
jtablesaw_tablesaw,temp3,2,Medium
jtablesaw_tablesaw,temp3,3,Medium
jtablesaw_tablesaw,version1,2,Medium
jtablesaw_tablesaw,version1,3,Medium
magefree_mage,add_CM2,2,Medium
magefree_mage,add_CM2,3,High
magefree_mage,add_CM2,4,High
magefree_mage,c17_tokens,2,High
magefree_mage,c17_tokens,3,High
magefree_mage,changeToFinal,2,Medium
magefree_mage,changeToFinal,3,Medium
magefree_mage,dom_token,2,High
magefree_mage,dom_token,3,High
magefree_mage,fix-incorrect-column-name,2,Medium
magefree_mage,fix-incorrect-column-name,3,Medium
magefree_mage,head,2,High
magefree_mage,head,3,High
magefree_mage,marath,2,Medium
magefree_mage,marath,3,Medium
magefree_mage,planeswalkerErrata,2,High
magefree_mage,planeswalkerErrata,3,High
magefree_mage,remove-license-headers,2,Medium
magefree_mage,remove-license-headers,3,Medium
magefree_mage,revert-4708-feature/new_ui_selection_type,2,High
magefree_mage,revert-4708-feature/new_ui_selection_type,3,High
magefree_mage,revert-4761-master,2,High
magefree_mage,revert-4761-master,3,High
magefree_mage,revert-4829-master,2,High
magefree_mage,revert-4829-master,3,High
magefree_mage,rystan-atarkamonument,2,High
magefree_mage,rystan-atarkamonument,3,High
magefree_mage,rystan-electryte,2,High
magefree_mage,rystan-electryte,3,High
magefree_mage,rystan-fix-horn,2,High
magefree_mage,rystan-fix-horn,3,High
magefree_mage,rystan-marath,2,Medium
magefree_mage,rystan-marath,3,Medium
magefree_mage,rystan-patch-1,3,High
magefree_mage,rystan-patch-1,4,High
magefree_mage,rystan-patch-2,3,High
magefree_mage,rystan-patch-2,4,High
molgenis_molgenis,bartcharbon-patch-1,2,High
molgenis_molgenis,bartcharbon-patch-1,3,High
molgenis_molgenis,dennishendriksen-patch-1,3,High
molgenis_molgenis,dennishendriksen-patch-1,4,High
molgenis_molgenis,dennishendriksen-patch-2,3,High
molgenis_molgenis,dennishendriksen-patch-2,4,High
molgenis_molgenis,dennishendriksen-patch-3,2,High
molgenis_molgenis,dennishendriksen-patch-3,3,High
molgenis_molgenis,docker-ready,3,Medium
molgenis_molgenis,docker-ready,4,High
molgenis_molgenis,feature/M5608-row-level-security,2,Medium
molgenis_molgenis,feature/M5608-row-level-security,3,Medium
molgenis_molgenis,feature/M5610-metadata-security,3,Medium
molgenis_molgenis,feature/global-exception-handling,2,High
molgenis_molgenis,feature/global-exception-handling,3,High
molgenis_molgenis,feature/group-model,4,Medium
molgenis_molgenis,feature/vueify-settings,2,High
molgenis_molgenis,feature/vueify-settings,3,High
molgenis_molgenis,feature/vueify-settings,4,Medium
molgenis_molgenis,revert-7219-feature/RLS-fix-count,2,Medium
molgenis_molgenis,revert-7219-feature/RLS-fix-count,3,Medium
openmicroscopy_bioformats,east,3,Medium
openmicroscopy_bioformats,east,4,Medium
openmicroscopy_bioformats,metadata54,2,High
openmicroscopy_bioformats,metadata54,3,High
openmicroscopy_bioformats,metadata54,4,Medium
opentable_otj-pg-embedded,ExposeSomeAdvancedMethods,3,High
opentable_otj-pg-embedded,ExposeSomeAdvancedMethods,4,High
opentable_otj-pg-embedded,customize-rule-opts,3,High
opentable_otj-pg-embedded,otpl_2001_quiet,2,High
opentable_otj-pg-embedded,otpl_2001_quiet,3,High
php-coder_mystamps,gh477_incomplete_series,2,High
php-coder_mystamps,gh477_incomplete_series,3,High
php-coder_mystamps,gh530_automate_rf_porting,2,High
php-coder_mystamps,gh530_automate_rf_porting,3,High
php-coder_mystamps,gh694_import_catalog_numbers,3,High
php-coder_mystamps,gh884_estimation_page,2,High
php-coder_mystamps,gh884_estimation_page,3,High
proofpoint_platform,ChangeHttpServerAcceptQueueSize,2,High
proofpoint_platform,ChangeHttpServerAcceptQueueSize,3,High
proofpoint_platform,ChangeHttpServerAcceptQueueSize,4,Medium
qos-ch_logback,configModel,3,High
qos-ch_logback,configModel,4,High
resteasy_Resteasy,test-failures,3,Medium
saalfeldlab_render,hierarchical,3,High
saalfeldlab_render,hierarchical,4,High
saikrishna321_AppiumTestDistribution,CI,2,High
saikrishna321_AppiumTestDistribution,CI,3,High
saikrishna321_AppiumTestDistribution,chromedriver,4,High
saikrishna321_AppiumTestDistribution,fix-309,2,High
saikrishna321_AppiumTestDistribution,fix-309,3,Medium
saikrishna321_AppiumTestDistribution,mongo,4,High
saikrishna321_AppiumTestDistribution,pushAppToRemote,2,High
saikrishna321_AppiumTestDistribution,pushAppToRemote,3,High
saikrishna321_AppiumTestDistribution,remote-service,2,High
saikrishna321_AppiumTestDistribution,remote-service,3,High
saikrishna321_AppiumTestDistribution,remote-service,4,High
saikrishna321_AppiumTestDistribution,remote-service-deviceAllocation,2,High
saikrishna321_AppiumTestDistribution,remote-service-deviceAllocation,3,High
saikrishna321_AppiumTestDistribution,small_refactor,2,High
saikrishna321_AppiumTestDistribution,small_refactor,3,High
saikrishna321_AppiumTestDistribution,webkit,2,High
saikrishna321_AppiumTestDistribution,webkit,3,Medium
soluvas_soluvas-framework,feature,3,High
speedment_speedment,feature/dashboard,3,Medium
speedment_speedment,feature/join,2,High
speedment_speedment,feature/join,3,High
square_okhttp,concurrent-http2-flow-control,4,High
square_okhttp,error-checking,4,High
square_okhttp,flaky-test,3,Medium
square_okhttp,http2-connection-flow-control,3,Medium
square_okhttp,http2-connection-flow-control,4,High
square_okhttp,jakew/defer/2018-06-23,4,High
square_okhttp,jakew/more-okio-goodness/2018-02-13,2,High
square_okhttp,jakew/more-okio-goodness/2018-02-13,3,High
square_okhttp,jakew/parseOrThrow/2018-07-05,4,High
square_okhttp,jakew/sse/2018-06-11,4,High
square_okhttp,jakew/sse/2018-06-18,4,High
square_okhttp,jakew/unsafe-web-socket/2018-02-12,2,High
square_okhttp,jakew/unsafe-web-socket/2018-02-12,3,High
square_okhttp,jakew/web-socket-policy/2018-01-27,2,High
square_okhttp,jakew/web-socket-policy/2018-01-27,3,High
square_okhttp,jakew/web-socket-things/2018-02-11,2,High
square_okhttp,jakew/web-socket-things/2018-02-11,3,High
square_okhttp,jakew/web-socket-things/2018-02-11,4,High
square_okhttp,jwilson.0208.move_mws_internal,2,High
square_okhttp,jwilson.0208.move_mws_internal,3,High
square_okhttp,jwilson.0208.volatile_streams,2,High
square_okhttp,jwilson.0208.volatile_streams,3,High
square_okhttp,jwilson.0211.null_route,2,High
square_okhttp,jwilson.0211.null_route,3,High
square_okhttp,jwilson.0219.cipher_suites,2,High
square_okhttp,jwilson.0219.cipher_suites,3,High
square_okhttp,jwilson.0219.dont_write_holding_this,2,High
square_okhttp,jwilson.0219.dont_write_holding_this,3,High
square_okhttp,jwilson.0219.encode_more_query_chars,2,High
square_okhttp,jwilson.0219.encode_more_query_chars,3,High
square_okhttp,jwilson.0219.fail_web_sockets,2,High
square_okhttp,jwilson.0219.fail_web_sockets,3,High
square_okhttp,jwilson.0219.kick_the_can_down_the_road,2,High
square_okhttp,jwilson.0219.kick_the_can_down_the_road,3,High
square_okhttp,jwilson.0220.http2_pings,2,High
square_okhttp,jwilson.0220.http2_pings,3,High
square_okhttp,jwilson.0221.pings_fail_connections,2,High
square_okhttp,jwilson.0221.pings_fail_connections,3,Medium
square_okhttp,jwilson.0222.awaiting_pong,2,High
square_okhttp,jwilson.0222.awaiting_pong,3,Medium
square_okhttp,jwilson.0222.awaiting_pong,4,High
square_okhttp,jwilson.0223.release_threads,2,High
square_okhttp,jwilson.0223.release_threads,3,Medium
square_okhttp,jwilson.0225.https_links,2,High
square_okhttp,jwilson.0225.https_links,3,Medium
square_okhttp,jwilson.0420.too_many_zeros,4,High
square_okhttp,jwilson.0619.unix_domainsockets_example,4,High
square_okhttp,platform_provider,2,High
square_okhttp,platform_provider,3,High
square_okhttp,release-conn,3,Medium
square_okhttp,release-conn,4,High
square_okhttp,reproducetest,2,Medium
square_okhttp,reproducetest,3,High
square_okhttp,reproducetest,4,High
square_okhttp,yschimke-patch-1,2,High
square_okhttp,yschimke-patch-1,3,High
square_okhttp,yschimke-patch-2,2,High
square_okhttp,yschimke-patch-2,3,High
square_retrofit,jakew/callback-adapters/2018-02-16,2,High
square_retrofit,jakew/callback-adapters/2018-02-16,3,High
square_retrofit,jakew/cancel-dispose/2018-02-13,2,High
square_retrofit,jakew/cancel-dispose/2018-02-13,3,High
square_retrofit,jakew/fix-package/2018-02-06,2,High
square_retrofit,jakew/fix-package/2018-02-06,3,High
square_retrofit,jakew/jackson-fix/2018-02-13,2,High
square_retrofit,jakew/jackson-fix/2018-02-13,3,High
square_retrofit,jakew/jaxb/2018-01-10,2,High
square_retrofit,jakew/jaxb/2018-01-10,3,High
square_retrofit,jakew/latest-jackson/2018-02-16,2,High
square_retrofit,jakew/latest-jackson/2018-02-16,3,High
square_retrofit,jakew/proguard/2018-01-18,2,High
square_retrofit,jakew/proguard/2018-01-18,3,High
square_retrofit,jakew/proguard/2018-01-18,4,High
square_retrofit,jakew/service-method/2018-02-17,2,High
square_retrofit,jakew/service-method/2018-02-17,3,High
square_retrofit,jakew/small-tweaks/2018-03-06,2,High
square_retrofit,jakew/small-tweaks/2018-03-06,3,High
square_retrofit,jakew/variable-name/2018-02-17,2,High
square_retrofit,jakew/variable-name/2018-02-17,3,High
square_retrofit,jakew/variable-name/2018-02-18,2,High
square_retrofit,jakew/variable-name/2018-02-18,3,High
square_retrofit,jwilson.0110.deprecate_simple_xml,2,High
square_retrofit,jwilson.0110.deprecate_simple_xml,3,High
square_retrofit,jwilson.0110.deprecate_simple_xml,4,High
square_retrofit,jwilson.0110.first_jaxb_converter,2,High
square_retrofit,jwilson.0110.first_jaxb_converter,3,High
square_retrofit,jwilson.0110.first_jaxb_converter,4,High
square_retrofit,jwilson.0206.retrofit_modulenames,2,High
square_retrofit,jwilson.0206.retrofit_modulenames,3,High
square_retrofit,jwilson.0206.scala_adapters,2,High
square_retrofit,jwilson.0206.scala_adapters,3,High
square_retrofit,jwilson.0225.https_links,2,High
square_retrofit,jwilson.0225.https_links,3,High
square_retrofit,jwilson.0320.be_sad_about_jaxb,3,High
thingsboard_thingsboard,develop/cluster-refactoring,4,High
thingsboard_thingsboard,feature/api-limits,2,Medium
thingsboard_thingsboard,feature/api-limits,3,High
thingsboard_thingsboard,feature/api-limits,4,High
thingsboard_thingsboard,feature/audit_log,2,Medium
thingsboard_thingsboard,feature/audit_log,3,High
thingsboard_thingsboard,feature/audit_log,4,High
thingsboard_thingsboard,feature/caching,2,Medium
thingsboard_thingsboard,feature/caching,3,High
thingsboard_thingsboard,feature/customer-dashboards,2,Medium
thingsboard_thingsboard,feature/customer-dashboards,3,Medium
thingsboard_thingsboard,feature/gauge-improvement,2,Medium
thingsboard_thingsboard,feature/gauge-improvement,3,Medium
thingsboard_thingsboard,feature/geuge-improvement-1,2,Medium
thingsboard_thingsboard,feature/geuge-improvement-1,3,Medium
thingsboard_thingsboard,feature/rpc-refactoring,3,Medium
unipop-graph_unipop,javaDoc,2,High
unipop-graph_unipop,javaDoc,3,High
unipop-graph_unipop,javaDoc,4,Medium
unipop-graph_unipop,temp,2,High
unipop-graph_unipop,temp,3,High
vespa-engine_vespa,arnej/add-scl,3,Medium
wmixvideo_nfe,danfe,3,High
wmixvideo_nfe,danfe,4,Medium
xetorthio_jedis,avoid_empty_password,3,Medium
